country	pack	types	placements	minGrade	maxGrade	levels	source	registeredScope	status	nextAction
AD		0	0					No active official curriculum pack registered; common foundations only.	official-mapping-not-registered	Identify official jurisdiction/curriculum edition and school structure; map basic calculation requirements.
AE		0	0					No active official curriculum pack registered; common foundations only.	official-mapping-not-registered	Identify official jurisdiction/curriculum edition and school structure; map basic calculation requirements.
AF		0	0					No active official curriculum pack registered; common foundations only.	official-mapping-not-registered	Identify official jurisdiction/curriculum edition and school structure; map basic calculation requirements.
AG		0	0					No active official curriculum pack registered; common foundations only.	official-mapping-not-registered	Identify official jurisdiction/curriculum edition and school structure; map basic calculation requirements.
AI		0	0					No active official curriculum pack registered; common foundations only.	official-mapping-not-registered	Identify official jurisdiction/curriculum edition and school structure; map basic calculation requirements.
AL		0	0					No active official curriculum pack registered; common foundations only.	official-mapping-not-registered	Identify official jurisdiction/curriculum edition and school structure; map basic calculation requirements.
AM		0	0					No active official curriculum pack registered; common foundations only.	official-mapping-not-registered	Identify official jurisdiction/curriculum edition and school structure; map basic calculation requirements.
AO		0	0					No active official curriculum pack registered; common foundations only.	official-mapping-not-registered	Identify official jurisdiction/curriculum edition and school structure; map basic calculation requirements.
AQ		0	0					No active official curriculum pack registered; common foundations only.	official-mapping-not-registered	Identify official jurisdiction/curriculum edition and school structure; map basic calculation requirements.
AR		0	0					No active official curriculum pack registered; common foundations only.	official-mapping-not-registered	Identify official jurisdiction/curriculum edition and school structure; map basic calculation requirements.
AS		0	0					No active official curriculum pack registered; common foundations only.	official-mapping-not-registered	Identify official jurisdiction/curriculum edition and school structure; map basic calculation requirements.
AT		0	0					No active official curriculum pack registered; common foundations only.	official-mapping-not-registered	Identify official jurisdiction/curriculum edition and school structure; map basic calculation requirements.
AU		0	0					No active official curriculum pack registered; common foundations only.	official-mapping-not-registered	Identify official jurisdiction/curriculum edition and school structure; map basic calculation requirements.
AW		0	0					No active official curriculum pack registered; common foundations only.	official-mapping-not-registered	Identify official jurisdiction/curriculum edition and school structure; map basic calculation requirements.
AX		0	0					No active official curriculum pack registered; common foundations only.	official-mapping-not-registered	Identify official jurisdiction/curriculum edition and school structure; map basic calculation requirements.
AZ		0	0					No active official curriculum pack registered; common foundations only.	official-mapping-not-registered	Identify official jurisdiction/curriculum edition and school structure; map basic calculation requirements.
BA		0	0					No active official curriculum pack registered; common foundations only.	official-mapping-not-registered	Identify official jurisdiction/curriculum edition and school structure; map basic calculation requirements.
BB		0	0					No active official curriculum pack registered; common foundations only.	official-mapping-not-registered	Identify official jurisdiction/curriculum edition and school structure; map basic calculation requirements.
BD		0	0					No active official curriculum pack registered; common foundations only.	official-mapping-not-registered	Identify official jurisdiction/curriculum edition and school structure; map basic calculation requirements.
BE		0	0					No active official curriculum pack registered; common foundations only.	official-mapping-not-registered	Identify official jurisdiction/curriculum edition and school structure; map basic calculation requirements.
BF		0	0					No active official curriculum pack registered; common foundations only.	official-mapping-not-registered	Identify official jurisdiction/curriculum edition and school structure; map basic calculation requirements.
BG		0	0					No active official curriculum pack registered; common foundations only.	official-mapping-not-registered	Identify official jurisdiction/curriculum edition and school structure; map basic calculation requirements.
BH		0	0					No active official curriculum pack registered; common foundations only.	official-mapping-not-registered	Identify official jurisdiction/curriculum edition and school structure; map basic calculation requirements.
BI		0	0					No active official curriculum pack registered; common foundations only.	official-mapping-not-registered	Identify official jurisdiction/curriculum edition and school structure; map basic calculation requirements.
BJ		0	0					No active official curriculum pack registered; common foundations only.	official-mapping-not-registered	Identify official jurisdiction/curriculum edition and school structure; map basic calculation requirements.
BL		0	0					No active official curriculum pack registered; common foundations only.	official-mapping-not-registered	Identify official jurisdiction/curriculum edition and school structure; map basic calculation requirements.
BM		0	0					No active official curriculum pack registered; common foundations only.	official-mapping-not-registered	Identify official jurisdiction/curriculum edition and school structure; map basic calculation requirements.
BN		0	0					No active official curriculum pack registered; common foundations only.	official-mapping-not-registered	Identify official jurisdiction/curriculum edition and school structure; map basic calculation requirements.
BO		0	0					No active official curriculum pack registered; common foundations only.	official-mapping-not-registered	Identify official jurisdiction/curriculum edition and school structure; map basic calculation requirements.
BQ		0	0					No active official curriculum pack registered; common foundations only.	official-mapping-not-registered	Identify official jurisdiction/curriculum edition and school structure; map basic calculation requirements.
BR		0	0					No active official curriculum pack registered; common foundations only.	official-mapping-not-registered	Identify official jurisdiction/curriculum edition and school structure; map basic calculation requirements.
BS		0	0					No active official curriculum pack registered; common foundations only.	official-mapping-not-registered	Identify official jurisdiction/curriculum edition and school structure; map basic calculation requirements.
BT		0	0					No active official curriculum pack registered; common foundations only.	official-mapping-not-registered	Identify official jurisdiction/curriculum edition and school structure; map basic calculation requirements.
BV		0	0					No active official curriculum pack registered; common foundations only.	official-mapping-not-registered	Identify official jurisdiction/curriculum edition and school structure; map basic calculation requirements.
BW		0	0					No active official curriculum pack registered; common foundations only.	official-mapping-not-registered	Identify official jurisdiction/curriculum edition and school structure; map basic calculation requirements.
BY		0	0					No active official curriculum pack registered; common foundations only.	official-mapping-not-registered	Identify official jurisdiction/curriculum edition and school structure; map basic calculation requirements.
BZ		0	0					No active official curriculum pack registered; common foundations only.	official-mapping-not-registered	Identify official jurisdiction/curriculum edition and school structure; map basic calculation requirements.
CA		0	0					No active official curriculum pack registered; common foundations only.	official-mapping-not-registered	Identify official jurisdiction/curriculum edition and school structure; map basic calculation requirements.
CC		0	0					No active official curriculum pack registered; common foundations only.	official-mapping-not-registered	Identify official jurisdiction/curriculum edition and school structure; map basic calculation requirements.
CD		0	0					No active official curriculum pack registered; common foundations only.	official-mapping-not-registered	Identify official jurisdiction/curriculum edition and school structure; map basic calculation requirements.
CF		0	0					No active official curriculum pack registered; common foundations only.	official-mapping-not-registered	Identify official jurisdiction/curriculum edition and school structure; map basic calculation requirements.
CG		0	0					No active official curriculum pack registered; common foundations only.	official-mapping-not-registered	Identify official jurisdiction/curriculum edition and school structure; map basic calculation requirements.
CH		0	0					No active official curriculum pack registered; common foundations only.	official-mapping-not-registered	Identify official jurisdiction/curriculum edition and school structure; map basic calculation requirements.
CI		0	0					No active official curriculum pack registered; common foundations only.	official-mapping-not-registered	Identify official jurisdiction/curriculum edition and school structure; map basic calculation requirements.
CK		0	0					No active official curriculum pack registered; common foundations only.	official-mapping-not-registered	Identify official jurisdiction/curriculum edition and school structure; map basic calculation requirements.
CL		0	0					No active official curriculum pack registered; common foundations only.	official-mapping-not-registered	Identify official jurisdiction/curriculum edition and school structure; map basic calculation requirements.
CM		0	0					No active official curriculum pack registered; common foundations only.	official-mapping-not-registered	Identify official jurisdiction/curriculum edition and school structure; map basic calculation requirements.
CN		0	0					No active official curriculum pack registered; common foundations only.	official-mapping-not-registered	Identify official jurisdiction/curriculum edition and school structure; map basic calculation requirements.
CO		0	0					No active official curriculum pack registered; common foundations only.	official-mapping-not-registered	Identify official jurisdiction/curriculum edition and school structure; map basic calculation requirements.
CR		0	0					No active official curriculum pack registered; common foundations only.	official-mapping-not-registered	Identify official jurisdiction/curriculum edition and school structure; map basic calculation requirements.
CU		0	0					No active official curriculum pack registered; common foundations only.	official-mapping-not-registered	Identify official jurisdiction/curriculum edition and school structure; map basic calculation requirements.
CV		0	0					No active official curriculum pack registered; common foundations only.	official-mapping-not-registered	Identify official jurisdiction/curriculum edition and school structure; map basic calculation requirements.
CW		0	0					No active official curriculum pack registered; common foundations only.	official-mapping-not-registered	Identify official jurisdiction/curriculum edition and school structure; map basic calculation requirements.
CX		0	0					No active official curriculum pack registered; common foundations only.	official-mapping-not-registered	Identify official jurisdiction/curriculum edition and school structure; map basic calculation requirements.
CY		0	0					No active official curriculum pack registered; common foundations only.	official-mapping-not-registered	Identify official jurisdiction/curriculum edition and school structure; map basic calculation requirements.
CZ		0	0					No active official curriculum pack registered; common foundations only.	official-mapping-not-registered	Identify official jurisdiction/curriculum edition and school structure; map basic calculation requirements.
DE		0	0					No active official curriculum pack registered; common foundations only.	official-mapping-not-registered	Identify official jurisdiction/curriculum edition and school structure; map basic calculation requirements.
DJ		0	0					No active official curriculum pack registered; common foundations only.	official-mapping-not-registered	Identify official jurisdiction/curriculum edition and school structure; map basic calculation requirements.
DK		0	0					No active official curriculum pack registered; common foundations only.	official-mapping-not-registered	Identify official jurisdiction/curriculum edition and school structure; map basic calculation requirements.
DM		0	0					No active official curriculum pack registered; common foundations only.	official-mapping-not-registered	Identify official jurisdiction/curriculum edition and school structure; map basic calculation requirements.
DO		0	0					No active official curriculum pack registered; common foundations only.	official-mapping-not-registered	Identify official jurisdiction/curriculum edition and school structure; map basic calculation requirements.
DZ		0	0					No active official curriculum pack registered; common foundations only.	official-mapping-not-registered	Identify official jurisdiction/curriculum edition and school structure; map basic calculation requirements.
EC		0	0					No active official curriculum pack registered; common foundations only.	official-mapping-not-registered	Identify official jurisdiction/curriculum edition and school structure; map basic calculation requirements.
EE		0	0					No active official curriculum pack registered; common foundations only.	official-mapping-not-registered	Identify official jurisdiction/curriculum edition and school structure; map basic calculation requirements.
EG		0	0					No active official curriculum pack registered; common foundations only.	official-mapping-not-registered	Identify official jurisdiction/curriculum edition and school structure; map basic calculation requirements.
EH		0	0					No active official curriculum pack registered; common foundations only.	official-mapping-not-registered	Identify official jurisdiction/curriculum edition and school structure; map basic calculation requirements.
ER		0	0					No active official curriculum pack registered; common foundations only.	official-mapping-not-registered	Identify official jurisdiction/curriculum edition and school structure; map basic calculation requirements.
ES		0	0					No active official curriculum pack registered; common foundations only.	official-mapping-not-registered	Identify official jurisdiction/curriculum edition and school structure; map basic calculation requirements.
ET		0	0					No active official curriculum pack registered; common foundations only.	official-mapping-not-registered	Identify official jurisdiction/curriculum edition and school structure; map basic calculation requirements.
FI		0	0					No active official curriculum pack registered; common foundations only.	official-mapping-not-registered	Identify official jurisdiction/curriculum edition and school structure; map basic calculation requirements.
FJ		0	0					No active official curriculum pack registered; common foundations only.	official-mapping-not-registered	Identify official jurisdiction/curriculum edition and school structure; map basic calculation requirements.
FK		0	0					No active official curriculum pack registered; common foundations only.	official-mapping-not-registered	Identify official jurisdiction/curriculum edition and school structure; map basic calculation requirements.
FM		0	0					No active official curriculum pack registered; common foundations only.	official-mapping-not-registered	Identify official jurisdiction/curriculum edition and school structure; map basic calculation requirements.
FO		0	0					No active official curriculum pack registered; common foundations only.	official-mapping-not-registered	Identify official jurisdiction/curriculum edition and school structure; map basic calculation requirements.
FR		0	0					No active official curriculum pack registered; common foundations only.	official-mapping-not-registered	Identify official jurisdiction/curriculum edition and school structure; map basic calculation requirements.
GA		0	0					No active official curriculum pack registered; common foundations only.	official-mapping-not-registered	Identify official jurisdiction/curriculum edition and school structure; map basic calculation requirements.
GB	england-primary-2021-v1	40	40	1	6	[1, 2, 3, 4, 5, 6]	https://www.gov.uk/government/publications/national-curriculum-in-england-mathematics-programmes-of-study/national-curriculum-in-england-mathematics-programmes-of-study	Years 1–6 · selected calculation skills	selected-mapping-needs-official-gap-review	Audit all basic calculation requirements by official grade/unit; expand missing mappings and constraints.
GD		0	0					No active official curriculum pack registered; common foundations only.	official-mapping-not-registered	Identify official jurisdiction/curriculum edition and school structure; map basic calculation requirements.
GE		0	0					No active official curriculum pack registered; common foundations only.	official-mapping-not-registered	Identify official jurisdiction/curriculum edition and school structure; map basic calculation requirements.
GF		0	0					No active official curriculum pack registered; common foundations only.	official-mapping-not-registered	Identify official jurisdiction/curriculum edition and school structure; map basic calculation requirements.
GG		0	0					No active official curriculum pack registered; common foundations only.	official-mapping-not-registered	Identify official jurisdiction/curriculum edition and school structure; map basic calculation requirements.
GH	gh-nacca-core-2019-2023-v1	217	313	1	12	[1, 2, 3, 4, 5, 6, 7, 8, 9, 10, 11, 12]	https://curriculumresources.edu.gh/	B1–B6 (2019), JHS1–3 CCP (2020), SHS1–3 Mathematics (2023) · selected foundations · Additional Mathematics excluded	selected-mapping-needs-official-gap-review	Audit all basic calculation requirements by official grade/unit; expand missing mappings and constraints.
GI		0	0					No active official curriculum pack registered; common foundations only.	official-mapping-not-registered	Identify official jurisdiction/curriculum edition and school structure; map basic calculation requirements.
GL		0	0					No active official curriculum pack registered; common foundations only.	official-mapping-not-registered	Identify official jurisdiction/curriculum edition and school structure; map basic calculation requirements.
GM		0	0					No active official curriculum pack registered; common foundations only.	official-mapping-not-registered	Identify official jurisdiction/curriculum edition and school structure; map basic calculation requirements.
GN		0	0					No active official curriculum pack registered; common foundations only.	official-mapping-not-registered	Identify official jurisdiction/curriculum edition and school structure; map basic calculation requirements.
GP		0	0					No active official curriculum pack registered; common foundations only.	official-mapping-not-registered	Identify official jurisdiction/curriculum edition and school structure; map basic calculation requirements.
GQ		0	0					No active official curriculum pack registered; common foundations only.	official-mapping-not-registered	Identify official jurisdiction/curriculum edition and school structure; map basic calculation requirements.
GR		0	0					No active official curriculum pack registered; common foundations only.	official-mapping-not-registered	Identify official jurisdiction/curriculum edition and school structure; map basic calculation requirements.
GS		0	0					No active official curriculum pack registered; common foundations only.	official-mapping-not-registered	Identify official jurisdiction/curriculum edition and school structure; map basic calculation requirements.
GT		0	0					No active official curriculum pack registered; common foundations only.	official-mapping-not-registered	Identify official jurisdiction/curriculum edition and school structure; map basic calculation requirements.
GU		0	0					No active official curriculum pack registered; common foundations only.	official-mapping-not-registered	Identify official jurisdiction/curriculum edition and school structure; map basic calculation requirements.
GW		0	0					No active official curriculum pack registered; common foundations only.	official-mapping-not-registered	Identify official jurisdiction/curriculum edition and school structure; map basic calculation requirements.
GY		0	0					No active official curriculum pack registered; common foundations only.	official-mapping-not-registered	Identify official jurisdiction/curriculum edition and school structure; map basic calculation requirements.
HK		0	0					No active official curriculum pack registered; common foundations only.	official-mapping-not-registered	Identify official jurisdiction/curriculum edition and school structure; map basic calculation requirements.
HM		0	0					No active official curriculum pack registered; common foundations only.	official-mapping-not-registered	Identify official jurisdiction/curriculum edition and school structure; map basic calculation requirements.
HN		0	0					No active official curriculum pack registered; common foundations only.	official-mapping-not-registered	Identify official jurisdiction/curriculum edition and school structure; map basic calculation requirements.
HR		0	0					No active official curriculum pack registered; common foundations only.	official-mapping-not-registered	Identify official jurisdiction/curriculum edition and school structure; map basic calculation requirements.
HT		0	0					No active official curriculum pack registered; common foundations only.	official-mapping-not-registered	Identify official jurisdiction/curriculum edition and school structure; map basic calculation requirements.
HU		0	0					No active official curriculum pack registered; common foundations only.	official-mapping-not-registered	Identify official jurisdiction/curriculum edition and school structure; map basic calculation requirements.
ID		0	0					No active official curriculum pack registered; common foundations only.	official-mapping-not-registered	Identify official jurisdiction/curriculum edition and school structure; map basic calculation requirements.
IE		0	0					No active official curriculum pack registered; common foundations only.	official-mapping-not-registered	Identify official jurisdiction/curriculum edition and school structure; map basic calculation requirements.
IL		0	0					No active official curriculum pack registered; common foundations only.	official-mapping-not-registered	Identify official jurisdiction/curriculum edition and school structure; map basic calculation requirements.
IM		0	0					No active official curriculum pack registered; common foundations only.	official-mapping-not-registered	Identify official jurisdiction/curriculum edition and school structure; map basic calculation requirements.
IN		0	0					No active official curriculum pack registered; common foundations only.	official-mapping-not-registered	Identify official jurisdiction/curriculum edition and school structure; map basic calculation requirements.
IO		0	0					No active official curriculum pack registered; common foundations only.	official-mapping-not-registered	Identify official jurisdiction/curriculum edition and school structure; map basic calculation requirements.
IQ		0	0					No active official curriculum pack registered; common foundations only.	official-mapping-not-registered	Identify official jurisdiction/curriculum edition and school structure; map basic calculation requirements.
IR		0	0					No active official curriculum pack registered; common foundations only.	official-mapping-not-registered	Identify official jurisdiction/curriculum edition and school structure; map basic calculation requirements.
IS		0	0					No active official curriculum pack registered; common foundations only.	official-mapping-not-registered	Identify official jurisdiction/curriculum edition and school structure; map basic calculation requirements.
IT		0	0					No active official curriculum pack registered; common foundations only.	official-mapping-not-registered	Identify official jurisdiction/curriculum edition and school structure; map basic calculation requirements.
JE		0	0					No active official curriculum pack registered; common foundations only.	official-mapping-not-registered	Identify official jurisdiction/curriculum edition and school structure; map basic calculation requirements.
JM		0	0					No active official curriculum pack registered; common foundations only.	official-mapping-not-registered	Identify official jurisdiction/curriculum edition and school structure; map basic calculation requirements.
JO		0	0					No active official curriculum pack registered; common foundations only.	official-mapping-not-registered	Identify official jurisdiction/curriculum edition and school structure; map basic calculation requirements.
JP	jp-mext-primary-2017-v1	58	66	1	6	[1, 2, 3, 4, 5, 6]	https://www.mext.go.jp/content/20211102-mxt_kyoiku02-100002607_04.pdf	Grades 1–6 · selected Numbers and Calculation foundations from 2017 standards Appendix3 PDF357–375; geometry, measurement, relationships, data and remaining numeric requirements need separate mapping	selected-mapping-needs-official-gap-review	Audit all basic calculation requirements by official grade/unit; expand missing mappings and constraints.
KE	ke-kicd-cbc-2024-v1	235	359	1	9	[1, 2, 3, 4, 5, 6, 7, 8, 9]	https://kicd.ac.ke/cbc-materials/curriculum-designs/	Selected Grade 1–9 foundations from KICD Revised 2024; Grade9 currently covers selected integer, cube/root, index, ratio, matrix-entry/addition/subtraction and straight-line/inequality calculations. Other grades and remaining outcomes are not yet mapped.	selected-mapping-needs-official-gap-review	Audit all basic calculation requirements by official grade/unit; expand missing mappings and constraints.
KG		0	0					No active official curriculum pack registered; common foundations only.	official-mapping-not-registered	Identify official jurisdiction/curriculum edition and school structure; map basic calculation requirements.
KH		0	0					No active official curriculum pack registered; common foundations only.	official-mapping-not-registered	Identify official jurisdiction/curriculum edition and school structure; map basic calculation requirements.
KI		0	0					No active official curriculum pack registered; common foundations only.	official-mapping-not-registered	Identify official jurisdiction/curriculum edition and school structure; map basic calculation requirements.
KM		0	0					No active official curriculum pack registered; common foundations only.	official-mapping-not-registered	Identify official jurisdiction/curriculum edition and school structure; map basic calculation requirements.
KN		0	0					No active official curriculum pack registered; common foundations only.	official-mapping-not-registered	Identify official jurisdiction/curriculum edition and school structure; map basic calculation requirements.
KP		0	0					No active official curriculum pack registered; common foundations only.	official-mapping-not-registered	Identify official jurisdiction/curriculum edition and school structure; map basic calculation requirements.
KR	kr-national-2015	431		0	12			Korean national mapping is maintained separately; count is selected types, not official achievement standards.	selected-mapping-needs-official-gap-review	Audit all basic calculation requirements by official grade/unit; expand missing mappings and constraints.
KR	kr-national-2022	439		0	12			Korean national mapping is maintained separately; count is selected types, not official achievement standards.	selected-mapping-needs-official-gap-review	Audit all basic calculation requirements by official grade/unit; expand missing mappings and constraints.
KW		0	0					No active official curriculum pack registered; common foundations only.	official-mapping-not-registered	Identify official jurisdiction/curriculum edition and school structure; map basic calculation requirements.
KY		0	0					No active official curriculum pack registered; common foundations only.	official-mapping-not-registered	Identify official jurisdiction/curriculum edition and school structure; map basic calculation requirements.
KZ		0	0					No active official curriculum pack registered; common foundations only.	official-mapping-not-registered	Identify official jurisdiction/curriculum edition and school structure; map basic calculation requirements.
LA		0	0					No active official curriculum pack registered; common foundations only.	official-mapping-not-registered	Identify official jurisdiction/curriculum edition and school structure; map basic calculation requirements.
LB		0	0					No active official curriculum pack registered; common foundations only.	official-mapping-not-registered	Identify official jurisdiction/curriculum edition and school structure; map basic calculation requirements.
LC		0	0					No active official curriculum pack registered; common foundations only.	official-mapping-not-registered	Identify official jurisdiction/curriculum edition and school structure; map basic calculation requirements.
LI		0	0					No active official curriculum pack registered; common foundations only.	official-mapping-not-registered	Identify official jurisdiction/curriculum edition and school structure; map basic calculation requirements.
LK		0	0					No active official curriculum pack registered; common foundations only.	official-mapping-not-registered	Identify official jurisdiction/curriculum edition and school structure; map basic calculation requirements.
LR		0	0					No active official curriculum pack registered; common foundations only.	official-mapping-not-registered	Identify official jurisdiction/curriculum edition and school structure; map basic calculation requirements.
LS		0	0					No active official curriculum pack registered; common foundations only.	official-mapping-not-registered	Identify official jurisdiction/curriculum edition and school structure; map basic calculation requirements.
LT		0	0					No active official curriculum pack registered; common foundations only.	official-mapping-not-registered	Identify official jurisdiction/curriculum edition and school structure; map basic calculation requirements.
LU		0	0					No active official curriculum pack registered; common foundations only.	official-mapping-not-registered	Identify official jurisdiction/curriculum edition and school structure; map basic calculation requirements.
LV		0	0					No active official curriculum pack registered; common foundations only.	official-mapping-not-registered	Identify official jurisdiction/curriculum edition and school structure; map basic calculation requirements.
LY		0	0					No active official curriculum pack registered; common foundations only.	official-mapping-not-registered	Identify official jurisdiction/curriculum edition and school structure; map basic calculation requirements.
MA		0	0					No active official curriculum pack registered; common foundations only.	official-mapping-not-registered	Identify official jurisdiction/curriculum edition and school structure; map basic calculation requirements.
MC		0	0					No active official curriculum pack registered; common foundations only.	official-mapping-not-registered	Identify official jurisdiction/curriculum edition and school structure; map basic calculation requirements.
MD		0	0					No active official curriculum pack registered; common foundations only.	official-mapping-not-registered	Identify official jurisdiction/curriculum edition and school structure; map basic calculation requirements.
ME		0	0					No active official curriculum pack registered; common foundations only.	official-mapping-not-registered	Identify official jurisdiction/curriculum edition and school structure; map basic calculation requirements.
MF		0	0					No active official curriculum pack registered; common foundations only.	official-mapping-not-registered	Identify official jurisdiction/curriculum edition and school structure; map basic calculation requirements.
MG		0	0					No active official curriculum pack registered; common foundations only.	official-mapping-not-registered	Identify official jurisdiction/curriculum edition and school structure; map basic calculation requirements.
MH		0	0					No active official curriculum pack registered; common foundations only.	official-mapping-not-registered	Identify official jurisdiction/curriculum edition and school structure; map basic calculation requirements.
MK		0	0					No active official curriculum pack registered; common foundations only.	official-mapping-not-registered	Identify official jurisdiction/curriculum edition and school structure; map basic calculation requirements.
ML		0	0					No active official curriculum pack registered; common foundations only.	official-mapping-not-registered	Identify official jurisdiction/curriculum edition and school structure; map basic calculation requirements.
MM		0	0					No active official curriculum pack registered; common foundations only.	official-mapping-not-registered	Identify official jurisdiction/curriculum edition and school structure; map basic calculation requirements.
MN		0	0					No active official curriculum pack registered; common foundations only.	official-mapping-not-registered	Identify official jurisdiction/curriculum edition and school structure; map basic calculation requirements.
MO		0	0					No active official curriculum pack registered; common foundations only.	official-mapping-not-registered	Identify official jurisdiction/curriculum edition and school structure; map basic calculation requirements.
MP		0	0					No active official curriculum pack registered; common foundations only.	official-mapping-not-registered	Identify official jurisdiction/curriculum edition and school structure; map basic calculation requirements.
MQ		0	0					No active official curriculum pack registered; common foundations only.	official-mapping-not-registered	Identify official jurisdiction/curriculum edition and school structure; map basic calculation requirements.
MR		0	0					No active official curriculum pack registered; common foundations only.	official-mapping-not-registered	Identify official jurisdiction/curriculum edition and school structure; map basic calculation requirements.
MS		0	0					No active official curriculum pack registered; common foundations only.	official-mapping-not-registered	Identify official jurisdiction/curriculum edition and school structure; map basic calculation requirements.
MT		0	0					No active official curriculum pack registered; common foundations only.	official-mapping-not-registered	Identify official jurisdiction/curriculum edition and school structure; map basic calculation requirements.
MU		0	0					No active official curriculum pack registered; common foundations only.	official-mapping-not-registered	Identify official jurisdiction/curriculum edition and school structure; map basic calculation requirements.
MV		0	0					No active official curriculum pack registered; common foundations only.	official-mapping-not-registered	Identify official jurisdiction/curriculum edition and school structure; map basic calculation requirements.
MW		0	0					No active official curriculum pack registered; common foundations only.	official-mapping-not-registered	Identify official jurisdiction/curriculum edition and school structure; map basic calculation requirements.
MX		0	0					No active official curriculum pack registered; common foundations only.	official-mapping-not-registered	Identify official jurisdiction/curriculum edition and school structure; map basic calculation requirements.
MY		0	0					No active official curriculum pack registered; common foundations only.	official-mapping-not-registered	Identify official jurisdiction/curriculum edition and school structure; map basic calculation requirements.
MZ		0	0					No active official curriculum pack registered; common foundations only.	official-mapping-not-registered	Identify official jurisdiction/curriculum edition and school structure; map basic calculation requirements.
NA		0	0					No active official curriculum pack registered; common foundations only.	official-mapping-not-registered	Identify official jurisdiction/curriculum edition and school structure; map basic calculation requirements.
NC		0	0					No active official curriculum pack registered; common foundations only.	official-mapping-not-registered	Identify official jurisdiction/curriculum edition and school structure; map basic calculation requirements.
NE		0	0					No active official curriculum pack registered; common foundations only.	official-mapping-not-registered	Identify official jurisdiction/curriculum edition and school structure; map basic calculation requirements.
NF		0	0					No active official curriculum pack registered; common foundations only.	official-mapping-not-registered	Identify official jurisdiction/curriculum edition and school structure; map basic calculation requirements.
NG		0	0					No active official curriculum pack registered; common foundations only.	official-mapping-not-registered	Identify official jurisdiction/curriculum edition and school structure; map basic calculation requirements.
NI		0	0					No active official curriculum pack registered; common foundations only.	official-mapping-not-registered	Identify official jurisdiction/curriculum edition and school structure; map basic calculation requirements.
NL		0	0					No active official curriculum pack registered; common foundations only.	official-mapping-not-registered	Identify official jurisdiction/curriculum edition and school structure; map basic calculation requirements.
NO		0	0					No active official curriculum pack registered; common foundations only.	official-mapping-not-registered	Identify official jurisdiction/curriculum edition and school structure; map basic calculation requirements.
NP		0	0					No active official curriculum pack registered; common foundations only.	official-mapping-not-registered	Identify official jurisdiction/curriculum edition and school structure; map basic calculation requirements.
NR		0	0					No active official curriculum pack registered; common foundations only.	official-mapping-not-registered	Identify official jurisdiction/curriculum edition and school structure; map basic calculation requirements.
NU		0	0					No active official curriculum pack registered; common foundations only.	official-mapping-not-registered	Identify official jurisdiction/curriculum edition and school structure; map basic calculation requirements.
NZ		0	0					No active official curriculum pack registered; common foundations only.	official-mapping-not-registered	Identify official jurisdiction/curriculum edition and school structure; map basic calculation requirements.
OM		0	0					No active official curriculum pack registered; common foundations only.	official-mapping-not-registered	Identify official jurisdiction/curriculum edition and school structure; map basic calculation requirements.
PA		0	0					No active official curriculum pack registered; common foundations only.	official-mapping-not-registered	Identify official jurisdiction/curriculum edition and school structure; map basic calculation requirements.
PE		0	0					No active official curriculum pack registered; common foundations only.	official-mapping-not-registered	Identify official jurisdiction/curriculum edition and school structure; map basic calculation requirements.
PF		0	0					No active official curriculum pack registered; common foundations only.	official-mapping-not-registered	Identify official jurisdiction/curriculum edition and school structure; map basic calculation requirements.
PG		0	0					No active official curriculum pack registered; common foundations only.	official-mapping-not-registered	Identify official jurisdiction/curriculum edition and school structure; map basic calculation requirements.
PH		0	0					No active official curriculum pack registered; common foundations only.	official-mapping-not-registered	Identify official jurisdiction/curriculum edition and school structure; map basic calculation requirements.
PK		0	0					No active official curriculum pack registered; common foundations only.	official-mapping-not-registered	Identify official jurisdiction/curriculum edition and school structure; map basic calculation requirements.
PL		0	0					No active official curriculum pack registered; common foundations only.	official-mapping-not-registered	Identify official jurisdiction/curriculum edition and school structure; map basic calculation requirements.
PM		0	0					No active official curriculum pack registered; common foundations only.	official-mapping-not-registered	Identify official jurisdiction/curriculum edition and school structure; map basic calculation requirements.
PN		0	0					No active official curriculum pack registered; common foundations only.	official-mapping-not-registered	Identify official jurisdiction/curriculum edition and school structure; map basic calculation requirements.
PR		0	0					No active official curriculum pack registered; common foundations only.	official-mapping-not-registered	Identify official jurisdiction/curriculum edition and school structure; map basic calculation requirements.
PS		0	0					No active official curriculum pack registered; common foundations only.	official-mapping-not-registered	Identify official jurisdiction/curriculum edition and school structure; map basic calculation requirements.
PT		0	0					No active official curriculum pack registered; common foundations only.	official-mapping-not-registered	Identify official jurisdiction/curriculum edition and school structure; map basic calculation requirements.
PW		0	0					No active official curriculum pack registered; common foundations only.	official-mapping-not-registered	Identify official jurisdiction/curriculum edition and school structure; map basic calculation requirements.
PY		0	0					No active official curriculum pack registered; common foundations only.	official-mapping-not-registered	Identify official jurisdiction/curriculum edition and school structure; map basic calculation requirements.
QA		0	0					No active official curriculum pack registered; common foundations only.	official-mapping-not-registered	Identify official jurisdiction/curriculum edition and school structure; map basic calculation requirements.
RE		0	0					No active official curriculum pack registered; common foundations only.	official-mapping-not-registered	Identify official jurisdiction/curriculum edition and school structure; map basic calculation requirements.
RO		0	0					No active official curriculum pack registered; common foundations only.	official-mapping-not-registered	Identify official jurisdiction/curriculum edition and school structure; map basic calculation requirements.
RS		0	0					No active official curriculum pack registered; common foundations only.	official-mapping-not-registered	Identify official jurisdiction/curriculum edition and school structure; map basic calculation requirements.
RU		0	0					No active official curriculum pack registered; common foundations only.	official-mapping-not-registered	Identify official jurisdiction/curriculum edition and school structure; map basic calculation requirements.
RW	rw-cbc-core-2015-2022-v1	247	261	1	12	[1, 2, 3, 4, 5, 6, 7, 8, 9, 10, 11, 12]	https://elearning.reb.rw/?category=391&redirect=0	P1–P3 (2022), P4–S6 (2015) · mapped foundations; S4–S6 core course, not subsidiary mathematics	selected-mapping-needs-official-gap-review	Audit all basic calculation requirements by official grade/unit; expand missing mappings and constraints.
SA		0	0					No active official curriculum pack registered; common foundations only.	official-mapping-not-registered	Identify official jurisdiction/curriculum edition and school structure; map basic calculation requirements.
SB		0	0					No active official curriculum pack registered; common foundations only.	official-mapping-not-registered	Identify official jurisdiction/curriculum edition and school structure; map basic calculation requirements.
SC		0	0					No active official curriculum pack registered; common foundations only.	official-mapping-not-registered	Identify official jurisdiction/curriculum edition and school structure; map basic calculation requirements.
SD		0	0					No active official curriculum pack registered; common foundations only.	official-mapping-not-registered	Identify official jurisdiction/curriculum edition and school structure; map basic calculation requirements.
SE		0	0					No active official curriculum pack registered; common foundations only.	official-mapping-not-registered	Identify official jurisdiction/curriculum edition and school structure; map basic calculation requirements.
SG	sg-moe-primary-2021-v1	61	70	1	6	[1, 2, 3, 4, 5, 6]	https://www.moe.gov.sg/api/media/92bff26d-b2b4-4535-b868-b8415c744b91/2021-Primary-Mathematics-Syllabus-P1-to-P6-Updated-October-2025.pdf	Primary 1–6 · selected calculation skills · Standard syllabus, Oct 2025 update; Foundation track not included	selected-mapping-needs-official-gap-review	Audit all basic calculation requirements by official grade/unit; expand missing mappings and constraints.
SH		0	0					No active official curriculum pack registered; common foundations only.	official-mapping-not-registered	Identify official jurisdiction/curriculum edition and school structure; map basic calculation requirements.
SI		0	0					No active official curriculum pack registered; common foundations only.	official-mapping-not-registered	Identify official jurisdiction/curriculum edition and school structure; map basic calculation requirements.
SJ		0	0					No active official curriculum pack registered; common foundations only.	official-mapping-not-registered	Identify official jurisdiction/curriculum edition and school structure; map basic calculation requirements.
SK		0	0					No active official curriculum pack registered; common foundations only.	official-mapping-not-registered	Identify official jurisdiction/curriculum edition and school structure; map basic calculation requirements.
SL		0	0					No active official curriculum pack registered; common foundations only.	official-mapping-not-registered	Identify official jurisdiction/curriculum edition and school structure; map basic calculation requirements.
SM		0	0					No active official curriculum pack registered; common foundations only.	official-mapping-not-registered	Identify official jurisdiction/curriculum edition and school structure; map basic calculation requirements.
SN		0	0					No active official curriculum pack registered; common foundations only.	official-mapping-not-registered	Identify official jurisdiction/curriculum edition and school structure; map basic calculation requirements.
SO		0	0					No active official curriculum pack registered; common foundations only.	official-mapping-not-registered	Identify official jurisdiction/curriculum edition and school structure; map basic calculation requirements.
SR		0	0					No active official curriculum pack registered; common foundations only.	official-mapping-not-registered	Identify official jurisdiction/curriculum edition and school structure; map basic calculation requirements.
SS		0	0					No active official curriculum pack registered; common foundations only.	official-mapping-not-registered	Identify official jurisdiction/curriculum edition and school structure; map basic calculation requirements.
ST		0	0					No active official curriculum pack registered; common foundations only.	official-mapping-not-registered	Identify official jurisdiction/curriculum edition and school structure; map basic calculation requirements.
SV		0	0					No active official curriculum pack registered; common foundations only.	official-mapping-not-registered	Identify official jurisdiction/curriculum edition and school structure; map basic calculation requirements.
SX		0	0					No active official curriculum pack registered; common foundations only.	official-mapping-not-registered	Identify official jurisdiction/curriculum edition and school structure; map basic calculation requirements.
SY		0	0					No active official curriculum pack registered; common foundations only.	official-mapping-not-registered	Identify official jurisdiction/curriculum edition and school structure; map basic calculation requirements.
SZ		0	0					No active official curriculum pack registered; common foundations only.	official-mapping-not-registered	Identify official jurisdiction/curriculum edition and school structure; map basic calculation requirements.
TC		0	0					No active official curriculum pack registered; common foundations only.	official-mapping-not-registered	Identify official jurisdiction/curriculum edition and school structure; map basic calculation requirements.
TD		0	0					No active official curriculum pack registered; common foundations only.	official-mapping-not-registered	Identify official jurisdiction/curriculum edition and school structure; map basic calculation requirements.
TF		0	0					No active official curriculum pack registered; common foundations only.	official-mapping-not-registered	Identify official jurisdiction/curriculum edition and school structure; map basic calculation requirements.
TG		0	0					No active official curriculum pack registered; common foundations only.	official-mapping-not-registered	Identify official jurisdiction/curriculum edition and school structure; map basic calculation requirements.
TH		0	0					No active official curriculum pack registered; common foundations only.	official-mapping-not-registered	Identify official jurisdiction/curriculum edition and school structure; map basic calculation requirements.
TJ		0	0					No active official curriculum pack registered; common foundations only.	official-mapping-not-registered	Identify official jurisdiction/curriculum edition and school structure; map basic calculation requirements.
TK		0	0					No active official curriculum pack registered; common foundations only.	official-mapping-not-registered	Identify official jurisdiction/curriculum edition and school structure; map basic calculation requirements.
TL		0	0					No active official curriculum pack registered; common foundations only.	official-mapping-not-registered	Identify official jurisdiction/curriculum edition and school structure; map basic calculation requirements.
TM		0	0					No active official curriculum pack registered; common foundations only.	official-mapping-not-registered	Identify official jurisdiction/curriculum edition and school structure; map basic calculation requirements.
TN		0	0					No active official curriculum pack registered; common foundations only.	official-mapping-not-registered	Identify official jurisdiction/curriculum edition and school structure; map basic calculation requirements.
TO		0	0					No active official curriculum pack registered; common foundations only.	official-mapping-not-registered	Identify official jurisdiction/curriculum edition and school structure; map basic calculation requirements.
TR		0	0					No active official curriculum pack registered; common foundations only.	official-mapping-not-registered	Identify official jurisdiction/curriculum edition and school structure; map basic calculation requirements.
TT		0	0					No active official curriculum pack registered; common foundations only.	official-mapping-not-registered	Identify official jurisdiction/curriculum edition and school structure; map basic calculation requirements.
TV		0	0					No active official curriculum pack registered; common foundations only.	official-mapping-not-registered	Identify official jurisdiction/curriculum edition and school structure; map basic calculation requirements.
TW		0	0					No active official curriculum pack registered; common foundations only.	official-mapping-not-registered	Identify official jurisdiction/curriculum edition and school structure; map basic calculation requirements.
TZ		0	0					No active official curriculum pack registered; common foundations only.	official-mapping-not-registered	Identify official jurisdiction/curriculum edition and school structure; map basic calculation requirements.
UA		0	0					No active official curriculum pack registered; common foundations only.	official-mapping-not-registered	Identify official jurisdiction/curriculum edition and school structure; map basic calculation requirements.
UG		0	0					No active official curriculum pack registered; common foundations only.	official-mapping-not-registered	Identify official jurisdiction/curriculum edition and school structure; map basic calculation requirements.
UM		0	0					No active official curriculum pack registered; common foundations only.	official-mapping-not-registered	Identify official jurisdiction/curriculum edition and school structure; map basic calculation requirements.
US	us-ccss-2010-v1	227	227	0	12	[0, 1, 2, 3, 4, 5, 6, 7, 8, 9, 10, 11, 12]	https://corestandards.org/wp-content/uploads/2023/09/Math_Standards1.pdf	K–Grade 12 · mapped foundations · select the standard used by your school; not all state standards	selected-mapping-needs-official-gap-review	Audit all basic calculation requirements by official grade/unit; expand missing mappings and constraints.
UY		0	0					No active official curriculum pack registered; common foundations only.	official-mapping-not-registered	Identify official jurisdiction/curriculum edition and school structure; map basic calculation requirements.
UZ		0	0					No active official curriculum pack registered; common foundations only.	official-mapping-not-registered	Identify official jurisdiction/curriculum edition and school structure; map basic calculation requirements.
VA		0	0					No active official curriculum pack registered; common foundations only.	official-mapping-not-registered	Identify official jurisdiction/curriculum edition and school structure; map basic calculation requirements.
VC		0	0					No active official curriculum pack registered; common foundations only.	official-mapping-not-registered	Identify official jurisdiction/curriculum edition and school structure; map basic calculation requirements.
VE		0	0					No active official curriculum pack registered; common foundations only.	official-mapping-not-registered	Identify official jurisdiction/curriculum edition and school structure; map basic calculation requirements.
VG		0	0					No active official curriculum pack registered; common foundations only.	official-mapping-not-registered	Identify official jurisdiction/curriculum edition and school structure; map basic calculation requirements.
VI		0	0					No active official curriculum pack registered; common foundations only.	official-mapping-not-registered	Identify official jurisdiction/curriculum edition and school structure; map basic calculation requirements.
VN		0	0					No active official curriculum pack registered; common foundations only.	official-mapping-not-registered	Identify official jurisdiction/curriculum edition and school structure; map basic calculation requirements.
VU		0	0					No active official curriculum pack registered; common foundations only.	official-mapping-not-registered	Identify official jurisdiction/curriculum edition and school structure; map basic calculation requirements.
WF		0	0					No active official curriculum pack registered; common foundations only.	official-mapping-not-registered	Identify official jurisdiction/curriculum edition and school structure; map basic calculation requirements.
WS		0	0					No active official curriculum pack registered; common foundations only.	official-mapping-not-registered	Identify official jurisdiction/curriculum edition and school structure; map basic calculation requirements.
YE		0	0					No active official curriculum pack registered; common foundations only.	official-mapping-not-registered	Identify official jurisdiction/curriculum edition and school structure; map basic calculation requirements.
YT		0	0					No active official curriculum pack registered; common foundations only.	official-mapping-not-registered	Identify official jurisdiction/curriculum edition and school structure; map basic calculation requirements.
ZA	za-caps-r12-2011-v2	154	174	0	12	[0, 1, 2, 3, 4, 5, 6, 7, 8, 9, 10, 11, 12]	https://www.education.gov.za/Curriculum/CurriculumAssessmentPolicyStatements(CAPS).aspx	Grade R–12 · selected foundations from CAPS 2011; not every outcome or elective	selected-mapping-needs-official-gap-review	Audit all basic calculation requirements by official grade/unit; expand missing mappings and constraints.
ZM		0	0					No active official curriculum pack registered; common foundations only.	official-mapping-not-registered	Identify official jurisdiction/curriculum edition and school structure; map basic calculation requirements.
ZW		0	0					No active official curriculum pack registered; common foundations only.	official-mapping-not-registered	Identify official jurisdiction/curriculum edition and school structure; map basic calculation requirements.
