curriculum	grade	skill	issued	distinct_questions	adjacent_repeats
jp-mext-primary-2017-v1	1	count	100	9	0
jp-mext-primary-2017-v1	1	compare	100	99	0
jp-mext-primary-2017-v1	1	join9	100	55	0
jp-mext-primary-2017-v1	1	split9	100	100	0
jp-mext-primary-2017-v1	1	place50	100	100	0
jp-mext-primary-2017-v1	1	place10	100	100	0
jp-mext-primary-2017-v1	1	add9	100	55	0
jp-mext-primary-2017-v1	1	sub9	100	55	0
jp-mext-primary-2017-v1	1	add20	100	45	0
jp-mext-primary-2017-v1	1	sub20	100	45	0
jp-mext-primary-2017-v1	2	place100	100	100	0
jp-mext-primary-2017-v1	2	place1000	100	100	0
jp-mext-primary-2017-v1	2	el_compare_10000	100	100	0
jp-mext-primary-2017-v1	2	add100	100	100	0
jp-mext-primary-2017-v1	2	sub100	100	100	0
jp-mext-primary-2017-v1	2	mulIntro	100	100	0
jp-mext-primary-2017-v1	2	tables	100	99	0
jp-mext-primary-2017-v1	2	fractionPart	100	2	0
jp-mext-primary-2017-v1	3	fractionPart	100	39	0
jp-mext-primary-2017-v1	3	largePlace	100	100	0
jp-mext-primary-2017-v1	3	add1000	100	100	0
jp-mext-primary-2017-v1	3	sub1000	100	100	0
jp-mext-primary-2017-v1	3	mul2	100	100	0
jp-mext-primary-2017-v1	3	mul3	100	100	0
jp-mext-primary-2017-v1	3	mul22	100	100	0
jp-mext-primary-2017-v1	3	divide	100	72	0
jp-mext-primary-2017-v1	3	remainder	100	100	0
jp-mext-primary-2017-v1	3	fracCompare	100	100	0
jp-mext-primary-2017-v1	3	fracAddLike	100	100	0
jp-mext-primary-2017-v1	3	fracSubLike	100	100	0
jp-mext-primary-2017-v1	3	el_decimal_place	100	100	0
jp-mext-primary-2017-v1	3	el_decimal_compare	100	100	0
jp-mext-primary-2017-v1	3	decimalAdd	100	100	0
jp-mext-primary-2017-v1	3	decimalSub	100	100	0
jp-mext-primary-2017-v1	4	remainder	100	100	0
jp-mext-primary-2017-v1	4	fracCompare	100	100	0
jp-mext-primary-2017-v1	4	fracAddLike	100	100	0
jp-mext-primary-2017-v1	4	fracSubLike	100	100	0
jp-mext-primary-2017-v1	4	decimalAdd	100	100	0
jp-mext-primary-2017-v1	4	decimalSub	100	100	0
jp-mext-primary-2017-v1	4	largePlaceTrillion	100	100	0
jp-mext-primary-2017-v1	4	largeCompareTrillion	100	100	0
jp-mext-primary-2017-v1	4	divide2	100	100	0
jp-mext-primary-2017-v1	4	mixed	100	100	0
jp-mext-primary-2017-v1	4	decimalMul	100	100	0
jp-mext-primary-2017-v1	4	decimalDivInt	100	100	0
jp-mext-primary-2017-v1	4	el_round	100	100	0
jp-mext-primary-2017-v1	5	decimalMul	100	100	0
jp-mext-primary-2017-v1	5	el_even_odd	100	20	0
jp-mext-primary-2017-v1	5	el_divisor	100	100	0
jp-mext-primary-2017-v1	5	el_multiple	100	100	0
jp-mext-primary-2017-v1	5	gcd	100	100	0
jp-mext-primary-2017-v1	5	lcm	100	100	0
jp-mext-primary-2017-v1	5	reduce	100	100	0
jp-mext-primary-2017-v1	5	el_fraction_compare	100	100	0
jp-mext-primary-2017-v1	5	fracAdd	100	100	0
jp-mext-primary-2017-v1	5	fracSub	100	100	0
jp-mext-primary-2017-v1	5	decimalDiv	100	100	0
jp-mext-primary-2017-v1	5	el_fraction_decimal	100	99	0
jp-mext-primary-2017-v1	5	el_decimal_fraction	100	100	0
jp-mext-primary-2017-v1	6	fracMul	100	100	0
jp-mext-primary-2017-v1	6	fracMulInt	100	100	0
jp-mext-primary-2017-v1	6	fracDivInt	100	100	0
jp-mext-primary-2017-v1	6	fracDiv	100	100	0
jp-mext-primary-2017-v1	6	fracWholeDiv	100	100	0
jp-mext-primary-2017-v1	6	substitute	100	100	0
